channel_used,campaigns,avg conversion rate,avg_roi,avg_acquisition_cost,total_clicks,total_impressions,click_through_rate
Facebook,32819,0.079991773,5.01869862,12510.90094,18037947,180659428,0.0998
Website,33360,0.080182854,5.014166667,12487.81475,18414628,183806353,0.1002
Google Ads,33438,0.080183324,5.003141336,12528.0314,18340807,185006879,0.0991
Email,33599,0.080281556,4.996486503,12526.38781,18493963,184801107,0.1001
YouTube,33392,0.079889195,4.993754193,12481.39021,18350407,183448082,0.1
Instagram,33392,0.0798865,4.988705977,12491.76,18316654,183738455,0.0997
