"campaign_type","campaigns","avg_conversion_rate","avg_roi","avg_acquisition_cost","click_through_rate"
"Influencer","40169","0.08031467051706539869","5.0110682366999427","12507.170330354253","0.0998"
"Search","40157","0.08002091789725328087","5.0083571979978584","12498.736459396867","0.0995"
"Display","39987","0.08008852877185085153","5.0065511291169630","12508.034461199890","0.1001"
"Email","39870","0.07978806119889641334","4.9942954602457988","12495.346099824429","0.0995"
"Social Media","39817","0.08013461586759424366","4.9917836602456237","12512.698093779039","0.1002"
